transformed_column,original_feature,coefficient_log_odds,abs_coefficient,direction
capital-gain,capital-gain,2.2900374597813755,2.2900374597813755,increases P(>50K)
occupation_Priv-house-serv,occupation,-1.5859962888725088,1.5859962888725088,decreases P(>50K)
native-country_South,native-country,-1.4364881601605073,1.4364881601605073,decreases P(>50K)
marital-status_Married-civ-spouse,marital-status,1.4241137991751527,1.4241137991751527,increases P(>50K)
marital-status_Married-AF-spouse,marital-status,1.2081716396723214,1.2081716396723214,increases P(>50K)
native-country_Columbia,native-country,-1.1823910305432714,1.1823910305432714,decreases P(>50K)
marital-status_Never-married,marital-status,-1.117823637444602,1.117823637444602,decreases P(>50K)
native-country_France,native-country,1.05956407966965,1.05956407966965,increases P(>50K)
relationship_Own-child,relationship,-1.003530542854546,1.003530542854546,decreases P(>50K)
sex_Female,sex,-0.9239372090610438,0.9239372090610438,decreases P(>50K)
relationship_Wife,relationship,0.9234719793847131,0.9234719793847131,increases P(>50K)
occupation_Farming-fishing,occupation,-0.8906511278948025,0.8906511278948025,decreases P(>50K)
native-country_Cambodia,native-country,0.8718303369117105,0.8718303369117105,increases P(>50K)
relationship_Other-relative,relationship,-0.8618944628250476,0.8618944628250476,decreases P(>50K)
marital-status_Separated,marital-status,-0.8022993870810915,0.8022993870810915,decreases P(>50K)
occupation_Exec-managerial,occupation,0.7962969302269011,0.7962969302269011,increases P(>50K)
occupation_Other-service,occupation,-0.7911941754694057,0.7911941754694057,decreases P(>50K)
education-num,education-num,0.775336529295423,0.775336529295423,increases P(>50K)
native-country_Dominican-Republic,native-country,-0.7648125229605965,0.7648125229605965,decreases P(>50K)
native-country_Italy,native-country,0.7400836647642054,0.7400836647642054,increases P(>50K)
native-country_Portugal,native-country,0.665872537835454,0.665872537835454,increases P(>50K)
native-country_Ireland,native-country,0.6558064971846428,0.6558064971846428,increases P(>50K)
marital-status_Divorced,marital-status,-0.6484226810387973,0.6484226810387973,decreases P(>50K)
marital-status_Married-spouse-absent,marital-status,-0.6224421607344979,0.6224421607344979,decreases P(>50K)
native-country_China,native-country,-0.6221580131253425,0.6221580131253425,decreases P(>50K)
native-country_England,native-country,0.6140477910436131,0.6140477910436131,increases P(>50K)
native-country_Laos,native-country,-0.6120302392847711,0.6120302392847711,decreases P(>50K)
native-country_El-Salvador,native-country,-0.6100010348800307,0.6100010348800307,decreases P(>50K)
occupation_Handlers-cleaners,occupation,-0.6018827617462595,0.6018827617462595,decreases P(>50K)
native-country_Scotland,native-country,-0.5973390071097079,0.5973390071097079,decreases P(>50K)
native-country_Canada,native-country,0.5894346591418161,0.5894346591418161,increases P(>50K)
native-country_Yugoslavia,native-country,0.5869868026058065,0.5869868026058065,increases P(>50K)
occupation_Tech-support,occupation,0.573470724985616,0.573470724985616,increases P(>50K)
workclass_Self-emp-not-inc,workclass,-0.570265532234513,0.570265532234513,decreases P(>50K)
marital-status_Widowed,marital-status,-0.5579339272679988,0.5579339272679988,decreases P(>50K)
education_Preschool,education,-0.535104130235951,0.535104130235951,decreases P(>50K)
native-country_Peru,native-country,-0.524841830349362,0.524841830349362,decreases P(>50K)
workclass_Federal-gov,workclass,0.5143566074202139,0.5143566074202139,increases P(>50K)
occupation_Protective-serv,occupation,0.5103895171715666,0.5103895171715666,increases P(>50K)
native-country_Mexico,native-country,-0.5093978193774188,0.5093978193774188,decreases P(>50K)
race_Amer-Indian-Eskimo,race,-0.5091319626037781,0.5091319626037781,decreases P(>50K)
native-country_Vietnam,native-country,-0.5038382202717419,0.5038382202717419,decreases P(>50K)
workclass_Without-pay,workclass,-0.5021646610758964,0.5021646610758964,decreases P(>50K)
native-country_Philippines,native-country,0.46341794615662074,0.46341794615662074,increases P(>50K)
education_1st-4th,education,0.4595260818691836,0.4595260818691836,increases P(>50K)
education_Assoc-acdm,education,-0.42499545370477265,0.42499545370477265,decreases P(>50K)
native-country_Greece,native-country,-0.4245882942482243,0.4245882942482243,decreases P(>50K)
native-country_Hungary,native-country,0.4024562448382545,0.4024562448382545,increases P(>50K)
race_Black,race,-0.39967010947469556,0.39967010947469556,decreases P(>50K)
native-country_Iran,native-country,0.39080627028030096,0.39080627028030096,increases P(>50K)
hours-per-week,hours-per-week,0.3859300532129652,0.3859300532129652,increases P(>50K)
native-country_Trinadad&Tobago,native-country,-0.3672473793379475,0.3672473793379475,decreases P(>50K)
education_5th-6th,education,0.3640379677285577,0.3640379677285577,increases P(>50K)
native-country_United-States,native-country,0.3464999058660305,0.3464999058660305,increases P(>50K)
education_Prof-school,education,0.3342800317276578,0.3342800317276578,increases P(>50K)
occupation_Sales,occupation,0.333896840485856,0.333896840485856,increases P(>50K)
education_11th,education,-0.33248760897215685,0.33248760897215685,decreases P(>50K)
workclass_State-gov,workclass,-0.33163349149614685,0.33163349149614685,decreases P(>50K)
age,age,0.31094718037775837,0.31094718037775837,increases P(>50K)
native-country_Cuba,native-country,0.29307315521946414,0.29307315521946414,increases P(>50K)
occupation_Prof-specialty,occupation,0.2893659945273713,0.2893659945273713,increases P(>50K)
education_10th,education,-0.2650918355259029,0.2650918355259029,decreases P(>50K)
native-country_Germany,native-country,0.2639913282033691,0.2639913282033691,increases P(>50K)
capital-loss,capital-loss,0.25569969977579343,0.25569969977579343,increases P(>50K)
race_Other,race,-0.25264152380229354,0.25264152380229354,decreases P(>50K)
relationship_Husband,relationship,-0.24781095326553673,0.24781095326553673,decreases P(>50K)
education_Assoc-voc,education,-0.23622713576330123,0.23622713576330123,decreases P(>50K)
occupation_Machine-op-inspct,occupation,-0.22767274674477436,0.22767274674477436,decreases P(>50K)
occupation_Armed-Forces,occupation,0.2254948530098755,0.2254948530098755,increases P(>50K)
education_12th,education,-0.2058650785901743,0.2058650785901743,decreases P(>50K)
native-country_Haiti,native-country,0.19713865783334605,0.19713865783334605,increases P(>50K)
sex_Male,sex,-0.19269914565846608,0.19269914565846608,decreases P(>50K)
native-country_Poland,native-country,-0.18678420972202256,0.18678420972202256,decreases P(>50K)
native-country_Puerto-Rico,native-country,-0.1710152152168119,0.1710152152168119,decreases P(>50K)
native-country_Hong,native-country,-0.16469612701984956,0.16469612701984956,decreases P(>50K)
education_Doctorate,education,0.1638817990469966,0.1638817990469966,increases P(>50K)
occupation_Craft-repair,occupation,0.16196354820419157,0.16196354820419157,increases P(>50K)
education_Bachelors,education,-0.16015984462373245,0.16015984462373245,decreases P(>50K)
education_HS-grad,education,-0.15504255652825416,0.15504255652825416,decreases P(>50K)
native-country_Nicaragua,native-country,-0.15380311073164793,0.15380311073164793,decreases P(>50K)
race_Asian-Pac-Islander,race,0.15047963666394013,0.15047963666394013,increases P(>50K)
native-country_India,native-country,-0.13496889401613657,0.13496889401613657,decreases P(>50K)
relationship_Not-in-family,relationship,0.12970962156430188,0.12970962156430188,increases P(>50K)
native-country_Thailand,native-country,-0.12225765907364614,0.12225765907364614,decreases P(>50K)
native-country_Guatemala,native-country,-0.10975462215752903,0.10975462215752903,decreases P(>50K)
workclass_Never-worked,workclass,-0.1065581476750742,0.1065581476750742,decreases P(>50K)
race_White,race,-0.10567239550269553,0.10567239550269553,decreases P(>50K)
workclass_Local-gov,workclass,-0.10356689114343796,0.10356689114343796,decreases P(>50K)
workclass_Private,workclass,-0.09819569649125474,0.09819569649125474,decreases P(>50K)
native-country_Japan,native-country,-0.09159745370548918,0.09159745370548918,decreases P(>50K)
workclass_Self-emp-inc,workclass,0.08139145797645886,0.08139145797645886,increases P(>50K)
education_Masters,education,-0.07923554215766537,0.07923554215766537,decreases P(>50K)
fnlwgt,fnlwgt,0.07128450040633215,0.07128450040633215,increases P(>50K)
education_Some-college,education,-0.06101377916731167,0.06101377916731167,decreases P(>50K)
relationship_Unmarried,relationship,-0.05658199672340105,0.05658199672340105,decreases P(>50K)
native-country_Taiwan,native-country,-0.05321013545985888,0.05321013545985888,decreases P(>50K)
occupation_Adm-clerical,occupation,0.048277985923490765,0.048277985923490765,increases P(>50K)
occupation_Transport-moving,occupation,0.041604351473380805,0.041604351473380805,increases P(>50K)
native-country_Honduras,native-country,0.040724048774579295,0.040724048774579295,increases P(>50K)
native-country_Jamaica,native-country,0.03825765258177178,0.03825765258177178,increases P(>50K)
education_9th,education,0.03204816427209376,0.03204816427209376,increases P(>50K)
native-country_Outlying-US(Guam-USVI-etc),native-country,0.019994700165387565,0.019994700165387565,increases P(>50K)
education_7th-8th,education,-0.0151874340947897,0.0151874340947897,decreases P(>50K)
native-country_Ecuador,native-country,-0.006780466540161806,0.006780466540161806,decreases P(>50K)
native-country_Holand-Netherlands,native-country,-0.006621188503489802,0.006621188503489802,decreases P(>50K)
